Luis Antonio;luis.antonio@empresa.com.br
Pedro Junior;pedro.junior@exemplo.com.br
Ana Paula;ana.paula@dominio.com
Marcos Silva;marcos.silva@organizacao.net
Juliana Costa;juliana.costa@techmail.org
Rafael Almeida;rafael.almeida@softwarecorp.com.br
Camila Fernandes;camila.fernandes@globalfirm.net
Gustavo Lima;gustavo.lima@grupofocus.com
Livia Martins;livia.martins@inovacao.co
Felipe Nogueira;felipe.nogueira@dados.com.br
Tatiane Souza;tatiane.souza@digital.org
Ricardo Mendes;ricardo.mendes@solution.net
Aline Barbosa;aline.barbosa@servicos.com
Thiago Ribeiro;thiago.ribeiro@consultoria.com.br
Mariana Pires;mariana.pires@webtech.net
Daniel Santos;daniel.santos@conexao.com
Patrícia Oliveira;patricia.oliveira@negocios.co
Bruno Carvalho;bruno.carvalho@startup.net
Vitória Rocha;vitoria.rocha@marketing.org
Eduardo Freitas;eduardo.freitas@designstudio.com.br
Laura Dias;laura.dias@financeira.com
Marcelo Gomes;marcelo.gomes@industria.net
Renata Ferreira;renata.ferreira@lojistas.com.br
André Castro;andre.castro@logistica.net
Isabela Melo;isabela.melo@educacao.com
João Victor;joao.victor@saude.org
Heloísa Neves;heloisa.neves@energia.com.br
Guilherme Pinto;guilherme.pinto@comunicacao.net
Elisa Correia;elisa.correia@desenvolvimento.co
Roberto Dutra;roberto.dutra@tecnologia.com
Sofia Teixeira;sofia.teixeira@investimentos.net
Alexandre Borges;alexandre.borges@construcao.com.br
Vanessa Lopes;vanessa.lopes@telecom.net
Paulo Henrique;paulo.henrique@seguranca.org
Bianca Cruz;bianca.cruz@gestao.com
Vinícius Mota;vinicius.mota@vendas.net
Cristiane Sales;cristiane.sales@automacao.com.br
Rodrigo Sampaio;rodrigo.sampaio@midia.net
Fernanda Alves;fernanda.alves@turismo.co
Lucas Xavier;lucas.xavier@engenharia.com
Mônica Pereira;monica.pereira@transportes.net
Sérgio Rezende;sergio.rezende@farmaceutica.com.br
Carla Lima;carla.lima@servicedesk.net
Diego Vieira;diego.vieira@rhdigital.org
Teresa Moura;teresa.moura@agenciadigital.com
Wellington Paz;wellington.paz@ecommercesul.net
Helena Ribeiro;helena.ribeiro@consultoriafoco.com.br
Marcos Vinicius;marcos.vinicius@grupotei.net
Débora Nunes;debora.nunes@inovacaoit.co
Jonas Ferreira;jonas.ferreira@techsolucoes.com
Simone Martins;simone.martins@webplus.net
Ramiro Costa;ramiro.costa@logmax.com.br
Clara Antunes;clara.antunes@educatech.net
Mauro Júnior;mauro.junior@saudeprime.org
Giovanna Peres;giovanna.peres@midiacenter.com
Fábio Castro;fabio.castro@energiaplus.net
Leticia Souza;leticia.souza@conectabr.com.br
Sidney Alves;sidney.alves@desenvolveti.net
Márcia Diniz;marcia.diniz@gestaocentral.co
Otávio Mendes;otavio.mendes@grupofinanceiro.com
Evelyn Rocha;evelyn.rocha@solucoesweb.net
Henrique Lima;henrique.lima@construcaonorte.com.br
Rosa Nogueira;rosa.nogueira@teleplus.net
Tiago Brito;tiago.brito@automacaopro.org
Cecília Guedes;cecilia.guedes@vendastotal.com
Murilo Xavier;murilo.xavier@midiafacil.net
Viviane Paiva;viviane.paiva@turismomundo.com.br
Benício Farias;benicio.farias@engenhariasul.net
Lorena Teixeira;lorena.teixeira@transporapido.co
Elias Santos;elias.santos@farmanova.com
Isadora Melo;isadora.melo@servicedeskplus.net
Caio Rezende;caio.rezende@rhsolucoes.org
Larissa Correia;larissa.correia@agenciafoco.com
Artur Gomes;artur.gomes@ecommercenacional.net
Valéria Freitas;valeria.freitas@consultoriaglobal.com.br
Túlio Dutra;tulio.dutra@grupocerto.net
Amanda Barbosa;amanda.barbosa@inova.co
Sandro Pinto;sandro.pinto@tecnologiax.com
Diana Dias;diana.dias@webmaster.net
Hugo Ferreira;hugo.ferreira@logisticaexata.com.br
Kelly Oliveira;kelly.oliveira@educacaofutura.net
Renato Costa;renato.costa@saudeprev.org
Silvana Silva;silvana.silva@comunicacaomax.com
Vitor Martins;vitor.martins@energiabeta.net
Priscila Rocha;priscila.rocha@desenvolvimento360.co
Nelson Almeida;nelson.almeida@techmaster.com
Elaine Souza;elaine.souza@investimentoprime.net
Júlio César;julio.cesar@construcaomax.com.br
Angélica Lopes;angelica.lopes@telefonia.net
Cássio Mota;cassio.mota@segurancapro.org
Débora Carvalho;debora.carvalho@gestaoplus.com
Erick Sales;erick.sales@vendasexpress.net
Flávia Ribeiro;flavia.ribeiro@automacaoalpha.com.br
Gilberto Sampaio;gilberto.sampaio@midiaup.net
Hilda Alves;hilda.alves@turismoparque.co
Igor Xavier;igor.xavier@engenhariafoco.com
Jéssica Pereira;jessica.pereira@transportesul.net
Kleber Rezende;kleber.rezende@farmaciaset.com.br
Luana Lima;luana.lima@servicesolutions.net
Maurício Vieira;mauricio.vieira@rhgestao.org
Natália Moura;natalia.moura@agencianova.com
Orlando Paz;orlando.paz@ecommerceplus.net
Quênia Freitas;quenia.freitas@consultoriaboa.com.br
Rômulo Dutra;romulo.dutra@grupok.net
Suelen Barbosa;suelen.barbosa@inovacerta.co
Tadeu Pinto;tadeu.pinto@tecnologiamais.com
Úrsula Dias;ursula.dias@websegura.net
Vicente Ferreira;vicente.ferreira@logisticaforte.com.br
Yara Oliveira;yara.oliveira@educacaoagil.net
Zeca Santos;zeca.santos@saudeja.org
Alice Melo;alice.melo@comunicacaocerta.com
Breno Correia;breno.correia@energiatotal.net
Cintia Guedes;cintia.guedes@desenvolvimentoprime.co
Davi Murilo;davi.murilo@techsolucao.com
Eva Viviane;eva.viviane@webmarketing.net
Felipe César;felipe.cesar@logmaximus.com.br
Giovana Antunes;giovana.antunes@educaplus.net
Heitor Júnior;heitor.junior@saudeativa.org
Ingrid Peres;ingrid.peres@midiaparceira.com
Jair Lima;jair.lima@energianova.net
Karen Souza;karen.souza@conectatech.com.br
Léo Alves;leo.alves@desenvolvimentoweb.net
Maira Diniz;maira.diniz@gestaofacil.co
Noel Mendes;noel.mendes@grupoprime.com
Olívia Rocha;olivia.rocha@solucoesit.net
Pablo Henrique;pablo.henrique@construcaobrasil.com.br
Quitéria Nogueira;quiteria.nogueira@telecomplus.net
Raul Brito;raul.brito@automacaoset.org
Simone Paiva;simone.paiva@vendamax.com
Téo Farias;teo.farias@midiamix.net
Úrsula Teixeira;ursula.teixeira@turismobrasil.com.br
Vânia Santos;vania.santos@engenhariamax.net
Wilson Melo;wilson.melo@transporterapido.co
Xenia Ferreira;xenia.ferreira@farmaciax.com
Yago Rezende;yago.rezende@servicedesks.net
Zuleica Correia;zuleica.correia@rhagil.org
Adriano Gomes;adriano.gomes@agenciamkt.com
Beatriz Vieira;beatriz.vieira@ecommercenet.net
Carlos Dutra;carlos.dutra@consultoriavip.com.br
Denise Barbosa;denise.barbosa@grupoy.net
Emanuel Pinto;emanuel.pinto@inovacaoglobal.co
Fabíola Dias;fabiola.dias@tecnologiabrasil.com
Gabriel Oliveira;gabriel.oliveira@webservice.net
Heloísa Mota;heloisa.mota@logisticatotal.com.br
Ivan Sales;ivan.sales@educacaovip.net
Janaína Sampaio;janaina.sampaio@saudepro.org
Kauan Alves;kauan.alves@comunicacaosul.com
Larissa Xavier;larissa.xavier@energiaexata.net
Márcio Pereira;marcio.pereira@desenvolvimentovip.co
Nívea Rezende;nivea.rezende@techmasterplus.com
Osmar Costa;osmar.costa@investimentosul.net
Pietra Lima;pietra.lima@construcaoplanet.com.br
Queiroz Rocha;queiroz.rocha@telecomunica.net
Raquel Brito;raquel.brito@segurancafacil.org
Samuel Guedes;samuel.guedes@gestaoeficiente.com
Tainá Paiva;taina.paiva@vendasbrasil.net
Ulisses Farias;ulisses.farias@automacaomaster.com.br
Valéria Teixeira;valeria.teixeira@midiafort.net
Wesley Melo;wesley.melo@turismopromo.co
Yasmin Ferreira;yasmin.ferreira@engenhariafina.com
Zélia Santos;zelia.santos@transporteprime.net
Abner Correia;abner.correia@farmaciaprime.com.br
Bela Antunes;bela.antunes@servicedeskbra.net
César Júnior;cesar.junior@rhfoco.org
Dalila Peres;dalila.peres@agenciacriativa.com
Éder Castro;eder.castro@ecommercemax.net
Fátima Souza;fatima.souza@consultoriatop.com.br
Gerson Alves;gerson.alves@grupoz.net
Hélio Diniz;helio.diniz@inovacaoalpha.co
Iara Mendes;iara.mendes@tecnologiaxpto.com
Júlia Rocha;julia.rocha@webmasterpro.net
Kiko Lima;kiko.lima@logisticaagil.com.br
Luiza Nogueira;luiza.nogueira@educacaomax.net
Maximiliano Brito;maximiliano.brito@saudevital.org
Núbia Sales;nubia.sales@comunicacaovip.com
Omar Sampaio;omar.sampaio@energiaconect.net
Pâmela Xavier;pamela.xavier@desenvolvimentomkt.co
Quirino Pereira;quirino.pereira@techsolutions.com
Roberta Vieira;roberta.vieira@investimentoset.net
Sérgio Cruz;sergio.cruz@construcaosul.com.br
Tati Freitas;tati.freitas@telecombrazil.net
Ubiratan Dutra;ubiratan.dutra@segurancatop.org
Vivian Barbosa;vivian.barbosa@gestaonova.com
Wendel Pinto;wendel.pinto@vendaspro.net
Xavier Dias;xavier.dias@automacaofacil.com.br
Yuri Oliveira;yuri.oliveira@midiasocial.net
Zaira Melo;zaira.melo@turismovip.co
Afonso Costa;afonso.costa@engenhariaagil.com
Betina Rezende;betina.rezende@transportelegal.net
Cristiano Lima;cristiano.lima@farmaciasegura.com.br
Duda Santos;duda.santos@servicedeskcorp.net
Eliana Gomes;eliana.gomes@rhpro.org
Fábio Martins;fabio.martins@agenciadigitalx.com
Gisele Ribeiro;gisele.ribeiro@ecommerceset.net
Henrique Souza;henrique.souza@consultoriageral.com.br
Igor Silva;igor.silva@grupomix.net
Joana Nogueira;joana.nogueira@inovacaofacil.co
Kevin Alves;kevin.alves@tecnologianet.com
